{
  "project_info": {
    "project_number": "556270352657",
    "firebase_url": "https://resellingapp-b691b-default-rtdb.firebaseio.com",
    "project_id": "resellingapp-b691b",
    "storage_bucket": "resellingapp-b691b.appspot.com"
  },
  "client": [
    {
      "client_info": {
        "mobilesdk_app_id": "1:556270352657:android:75321f0c2cbb45903cb4b0",
        "android_client_info": {
          "package_name": "com.bscs.resellingapp"
        }
      },
      "oauth_client": [
        {
          "client_id": "556270352657-d8md09shorae3dflvtlv100imoa856kq.apps.googleusercontent.com",
          "client_type": 3
        }
      ],
      "api_key": [
        {
          "current_key": "AIzaSyDZ7ggXEd9rCSnF_vSQ3XjnpAKqOOwOk3Q"
        }
      ],
      "services": {
        "appinvite_service": {
          "other_platform_oauth_client": [
            {
              "client_id": "556270352657-d8md09shorae3dflvtlv100imoa856kq.apps.googleusercontent.com",
              "client_type": 3
            }
          ]
        }
      }
    }
  ],
  "configuration_version": "1"
}